experiment,user_type,policy,alpha_mix,episode,explained,modality,scope,detail,utility,oracle_utility,regret,curiosity,explanation_cost,feedback_modality,feedback_scope,feedback_detail
1,Minimalist,NE,,0,0,0,0,0,-0.2,1.25,1.45,0.2,0.0,0,0,0
1,Minimalist,NE,,1,0,0,0,0,-0.2,1.25,1.45,0.2,0.0,0,0,0
1,Minimalist,NE,,2,0,0,0,0,-0.2,1.25,1.45,0.2,0.0,0,0,0
1,Minimalist,NE,,3,0,0,0,0,-0.2,1.25,1.45,0.2,0.0,0,0,0
1,Minimalist,NE,,4,0,0,0,0,-0.2,1.25,1.45,0.2,0.0,0,0,0
1,Minimalist,NE,,5,0,0,0,0,-0.2,1.25,1.45,0.2,0.0,0,0,0
1,Minimalist,NE,,6,0,0,0,0,-0.2,1.25,1.45,0.2,0.0,0,0,0
1,Minimalist,NE,,7,0,0,0,0,0.0,1.25,1.25,0.0,0.0,0,0,0
1,Minimalist,NE,,8,0,0,0,0,-0.2,1.25,1.45,0.2,0.0,0,0,0
1,Minimalist,NE,,9,0,0,0,0,-0.2,1.25,1.45,0.2,0.0,0,0,0
1,Minimalist,NE,,10,0,0,0,0,-0.2,1.25,1.45,0.2,0.0,0,0,0
1,Minimalist,NE,,11,0,0,0,0,-0.2,1.25,1.45,0.2,0.0,0,0,0
1,Minimalist,NE,,12,0,0,0,0,-0.2,1.25,1.45,0.2,0.0,0,0,0
1,Minimalist,NE,,13,0,0,0,0,-0.2,1.25,1.45,0.2,0.0,0,0,0
1,Minimalist,NE,,14,0,0,0,0,-0.2,1.25,1.45,0.2,0.0,0,0,0
1,Minimalist,NE,,15,0,0,0,0,0.0,1.25,1.25,0.0,0.0,0,0,0
1,Minimalist,NE,,16,0,0,0,0,0.0,1.25,1.25,0.0,0.0,0,0,0
1,Minimalist,NE,,17,0,0,0,0,-0.2,1.25,1.45,0.2,0.0,0,0,0
1,Minimalist,NE,,18,0,0,0,0,0.0,1.25,1.25,0.0,0.0,0,0,0
1,Minimalist,NE,,19,0,0,0,0,-0.2,1.25,1.45,0.2,0.0,0,0,0
1,Minimalist,NE,,20,0,0,0,0,0.0,1.25,1.25,0.0,0.0,0,0,0
1,Minimalist,NE,,21,0,0,0,0,-0.2,1.25,1.45,0.2,0.0,0,0,0
1,Minimalist,NE,,22,0,0,0,0,0.0,1.25,1.25,0.0,0.0,0,0,0
1,Minimalist,NE,,23,0,0,0,0,0.0,1.25,1.25,0.0,0.0,0,0,0
1,Minimalist,NE,,24,0,0,0,0,-0.2,1.25,1.45,0.2,0.0,0,0,0
1,Minimalist,NE,,25,0,0,0,0,-0.2,1.25,1.45,0.2,0.0,0,0,0
1,Minimalist,NE,,26,0,0,0,0,0.0,1.25,1.25,0.0,0.0,0,0,0
1,Minimalist,NE,,27,0,0,0,0,0.0,1.25,1.25,0.0,0.0,0,0,0
1,Minimalist,NE,,28,0,0,0,0,-0.2,1.25,1.45,0.2,0.0,0,0,0
1,Minimalist,NE,,29,0,0,0,0,0.0,1.25,1.25,0.0,0.0,0,0,0
1,Minimalist,NE,,30,0,0,0,0,0.0,1.25,1.25,0.0,0.0,0,0,0
1,Minimalist,NE,,31,0,0,0,0,-0.2,1.25,1.45,0.2,0.0,0,0,0
1,Minimalist,NE,,32,0,0,0,0,-0.2,1.25,1.45,0.2,0.0,0,0,0
1,Minimalist,NE,,33,0,0,0,0,0.0,1.25,1.25,0.0,0.0,0,0,0
1,Minimalist,NE,,34,0,0,0,0,-0.2,1.25,1.45,0.2,0.0,0,0,0
1,Minimalist,NE,,35,0,0,0,0,-0.2,1.25,1.45,0.2,0.0,0,0,0
1,Minimalist,NE,,36,0,0,0,0,-0.2,1.25,1.45,0.2,0.0,0,0,0
1,Minimalist,NE,,37,0,0,0,0,0.0,1.25,1.25,0.0,0.0,0,0,0
1,Minimalist,NE,,38,0,0,0,0,-0.2,1.25,1.45,0.2,0.0,0,0,0
1,Minimalist,NE,,39,0,0,0,0,-0.2,1.25,1.45,0.2,0.0,0,0,0
1,Minimalist,NE,,40,0,0,0,0,-0.2,1.25,1.45,0.2,0.0,0,0,0
1,Minimalist,NE,,41,0,0,0,0,0.0,1.25,1.25,0.0,0.0,0,0,0
1,Minimalist,NE,,42,0,0,0,0,-0.2,1.25,1.45,0.2,0.0,0,0,0
1,Minimalist,NE,,43,0,0,0,0,-0.2,1.25,1.45,0.2,0.0,0,0,0
1,Minimalist,NE,,44,0,0,0,0,-0.2,1.25,1.45,0.2,0.0,0,0,0
1,Minimalist,NE,,45,0,0,0,0,-0.2,1.25,1.45,0.2,0.0,0,0,0
1,Minimalist,NE,,46,0,0,0,0,0.0,1.25,1.25,0.0,0.0,0,0,0
1,Minimalist,NE,,47,0,0,0,0,-0.2,1.25,1.45,0.2,0.0,0,0,0
1,Minimalist,NE,,48,0,0,0,0,-0.2,1.25,1.45,0.2,0.0,0,0,0
1,Minimalist,NE,,49,0,0,0,0,0.0,1.25,1.25,0.0,0.0,0,0,0
1,Minimalist,AE,,0,1,1,1,1,0.0,1.25,2.2,0.0,2.0,1,1,0
1,Minimalist,AE,,1,1,1,1,1,-1.0,1.25,2.2,0.0,2.0,1,0,0
1,Minimalist,AE,,2,1,1,1,1,-1.0,1.25,2.2,0.0,2.0,1,0,0
1,Minimalist,AE,,3,1,1,1,1,-1.0,1.25,2.2,0.0,2.0,0,1,0
1,Minimalist,AE,,4,1,1,1,1,-2.0,1.25,2.2,0.0,2.0,0,0,0
1,Minimalist,AE,,5,1,1,1,1,-1.0,1.25,2.2,0.0,2.0,1,0,0
1,Minimalist,AE,,6,1,1,1,1,-1.0,1.25,2.2,0.0,2.0,0,0,1
1,Minimalist,AE,,7,1,1,1,1,-1.0,1.25,2.2,0.0,2.0,1,0,0
1,Minimalist,AE,,8,1,1,1,1,0.0,1.25,2.2,0.0,2.0,1,0,1
1,Minimalist,AE,,9,1,1,1,1,0.0,1.25,2.2,0.0,2.0,1,1,0
1,Minimalist,AE,,10,1,1,1,1,-2.0,1.25,2.2,0.0,2.0,0,0,0
1,Minimalist,AE,,11,1,1,1,1,0.0,1.25,2.2,0.0,2.0,1,1,0
1,Minimalist,AE,,12,1,1,1,1,-1.0,1.25,2.2,0.0,2.0,0,1,0
1,Minimalist,AE,,13,1,1,1,1,-1.0,1.25,2.2,0.0,2.0,1,0,0
1,Minimalist,AE,,14,1,1,1,1,-2.0,1.25,2.2,0.0,2.0,0,0,0
1,Minimalist,AE,,15,1,1,1,1,0.0,1.25,2.2,0.0,2.0,1,0,1
1,Minimalist,AE,,16,1,1,1,1,0.0,1.25,2.2,0.0,2.0,1,0,1
1,Minimalist,AE,,17,1,1,1,1,0.0,1.25,2.2,0.0,2.0,1,0,1
1,Minimalist,AE,,18,1,1,1,1,-1.0,1.25,2.2,0.0,2.0,0,1,0
1,Minimalist,AE,,19,1,1,1,1,0.0,1.25,2.2,0.0,2.0,1,1,0
1,Minimalist,AE,,20,1,1,1,1,-2.0,1.25,2.2,0.0,2.0,0,0,0
1,Minimalist,AE,,21,1,1,1,1,-1.0,1.25,2.2,0.0,2.0,0,0,1
1,Minimalist,AE,,22,1,1,1,1,-2.0,1.25,2.2,0.0,2.0,0,0,0
1,Minimalist,AE,,23,1,1,1,1,0.0,1.25,2.2,0.0,2.0,0,1,1
1,Minimalist,AE,,24,1,1,1,1,-1.0,1.25,2.2,0.0,2.0,1,0,0
1,Minimalist,AE,,25,1,1,1,1,-1.0,1.25,2.2,0.0,2.0,0,0,1
1,Minimalist,AE,,26,1,1,1,1,-2.0,1.25,2.2,0.0,2.0,0,0,0
1,Minimalist,AE,,27,1,1,1,1,-1.0,1.25,2.2,0.0,2.0,0,1,0
1,Minimalist,AE,,28,1,1,1,1,-1.0,1.25,2.2,0.0,2.0,0,0,1
1,Minimalist,AE,,29,1,1,1,1,1.0,1.25,2.2,0.0,2.0,1,1,1
1,Minimalist,AE,,30,1,1,1,1,-2.0,1.25,2.2,0.0,2.0,0,0,0
1,Minimalist,AE,,31,1,1,1,1,0.0,1.25,2.2,0.0,2.0,1,0,1
1,Minimalist,AE,,32,1,1,1,1,-1.0,1.25,2.2,0.0,2.0,0,1,0
1,Minimalist,AE,,33,1,1,1,1,-1.0,1.25,2.2,0.0,2.0,0,0,1
1,Minimalist,AE,,34,1,1,1,1,-1.0,1.25,2.2,0.0,2.0,1,0,0
1,Minimalist,AE,,35,1,1,1,1,-2.0,1.25,2.2,0.0,2.0,0,0,0
1,Minimalist,AE,,36,1,1,1,1,-1.0,1.25,2.2,0.0,2.0,0,0,1
1,Minimalist,AE,,37,1,1,1,1,-1.0,1.25,2.2,0.0,2.0,0,1,0
1,Minimalist,AE,,38,1,1,1,1,-1.0,1.25,2.2,0.0,2.0,0,1,0
1,Minimalist,AE,,39,1,1,1,1,0.0,1.25,2.2,0.0,2.0,1,1,0
1,Minimalist,AE,,40,1,1,1,1,0.0,1.25,2.2,0.0,2.0,1,1,0
1,Minimalist,AE,,41,1,1,1,1,0.0,1.25,2.2,0.0,2.0,1,1,0
1,Minimalist,AE,,42,1,1,1,1,-2.0,1.25,2.2,0.0,2.0,0,0,0
1,Minimalist,AE,,43,1,1,1,1,0.0,1.25,2.2,0.0,2.0,0,1,1
1,Minimalist,AE,,44,1,1,1,1,-1.0,1.25,2.2,0.0,2.0,0,0,1
1,Minimalist,AE,,45,1,1,1,1,0.0,1.25,2.2,0.0,2.0,0,1,1
1,Minimalist,AE,,46,1,1,1,1,0.0,1.25,2.2,0.0,2.0,1,1,0
1,Minimalist,AE,,47,1,1,1,1,-1.0,1.25,2.2,0.0,2.0,0,0,1
1,Minimalist,AE,,48,1,1,1,1,-2.0,1.25,2.2,0.0,2.0,0,0,0
1,Minimalist,AE,,49,1,1,1,1,0.0,1.25,2.2,0.0,2.0,1,1,0
1,Minimalist,NO,,0,1,0,1,1,-1.0,1.25,1.8399999999999999,0.0,2.0,1,0,0
1,Minimalist,NO,,1,0,1,1,1,0.0,1.25,1.25,0.0,0.0,0,0,0
1,Minimalist,NO,,2,1,0,1,1,0.0,1.25,1.8399999999999999,0.0,2.0,1,0,1
1,Minimalist,NO,,3,0,0,0,0,0.0,1.25,1.25,0.0,0.0,0,0,0
1,Minimalist,NO,,4,1,0,0,0,1.0,1.25,0.0,0.0,1.0,1,0,1
1,Minimalist,NO,,5,1,0,1,1,0.0,1.25,1.8399999999999999,0.0,2.0,1,1,0
1,Minimalist,NO,,6,0,0,1,1,0.0,1.25,1.25,0.0,0.0,0,0,0
1,Minimalist,NO,,7,0,0,0,1,0.0,1.25,1.25,0.0,0.0,0,0,0
1,Minimalist,NO,,8,0,0,1,1,0.0,1.25,1.25,0.0,0.0,0,0,0
1,Minimalist,NO,,9,0,0,0,0,0.0,1.25,1.25,0.0,0.0,0,0,0
1,Minimalist,NO,,10,1,1,1,1,-2.0,1.25,2.2,0.0,2.0,0,0,0
1,Minimalist,NO,,11,1,1,1,0,1.0,1.25,0.72,0.0,1.0,0,1,1
1,Minimalist,NO,,12,1,0,1,0,0.0,1.25,0.3599999999999999,0.0,1.0,0,0,1
1,Minimalist,NO,,13,0,0,0,0,0.0,1.25,1.25,0.0,0.0,0,0,0
1,Minimalist,NO,,14,1,1,1,1,0.0,1.25,2.2,0.0,2.0,1,0,1
1,Minimalist,NO,,15,1,0,0,0,1.0,1.25,0.0,0.0,1.0,0,1,1
1,Minimalist,NO,,16,0,1,0,1,0.0,1.25,1.25,0.0,0.0,0,0,0
1,Minimalist,NO,,17,1,1,1,0,0.0,1.25,0.72,0.0,1.0,0,0,1
1,Minimalist,NO,,18,1,0,0,0,2.0,1.25,0.0,0.0,1.0,1,1,1
1,Minimalist,NO,,19,1,1,1,1,-1.0,1.25,2.2,0.0,2.0,0,1,0
1,Minimalist,NO,,20,0,0,1,0,0.0,1.25,1.25,0.0,0.0,0,0,0
1,Minimalist,NO,,21,1,0,1,1,-1.0,1.25,1.8399999999999999,0.0,2.0,0,1,0
1,Minimalist,NO,,22,1,1,1,0,0.0,1.25,0.72,0.0,1.0,1,0,0
1,Minimalist,NO,,23,1,0,0,0,1.0,1.25,0.0,0.0,1.0,1,0,1
1,Minimalist,NO,,24,1,0,0,1,0.0,1.25,1.4799999999999998,0.0,2.0,1,1,0
1,Minimalist,NO,,25,1,0,1,1,1.0,1.25,1.8399999999999999,0.0,2.0,1,1,1
1,Minimalist,NO,,26,0,1,1,1,0.0,1.25,1.25,0.0,0.0,0,0,0
1,Minimalist,NO,,27,1,1,1,1,-2.0,1.25,2.2,0.0,2.0,0,0,0
1,Minimalist,NO,,28,1,1,0,1,-1.0,1.25,1.8399999999999999,0.0,2.0,0,0,1
1,Minimalist,NO,,29,0,1,1,1,0.0,1.25,1.25,0.0,0.0,0,0,0
1,Minimalist,NO,,30,1,0,0,0,2.0,1.25,0.0,0.0,1.0,1,1,1
1,Minimalist,NO,,31,1,0,1,1,-1.0,1.25,1.8399999999999999,0.0,2.0,1,0,0
1,Minimalist,NO,,32,1,0,0,1,0.0,1.25,1.4799999999999998,0.0,2.0,1,1,0
1,Minimalist,NO,,33,1,0,1,1,-1.0,1.25,1.8399999999999999,0.0,2.0,1,0,0
1,Minimalist,NO,,34,1,0,0,0,0.0,1.25,0.0,0.0,1.0,0,1,0
1,Minimalist,NO,,35,1,1,1,1,0.0,1.25,2.2,0.0,2.0,1,1,0
1,Minimalist,NO,,36,1,1,1,0,1.0,1.25,0.72,0.0,1.0,1,0,1
1,Minimalist,NO,,37,1,0,0,0,1.0,1.25,0.0,0.0,1.0,1,1,0
1,Minimalist,NO,,38,0,1,1,1,0.0,1.25,1.25,0.0,0.0,0,0,0
1,Minimalist,NO,,39,1,1,1,1,-2.0,1.25,2.2,0.0,2.0,0,0,0
1,Minimalist,NO,,40,1,1,0,1,0.0,1.25,1.8399999999999999,0.0,2.0,1,1,0
1,Minimalist,NO,,41,1,1,1,1,-1.0,1.25,2.2,0.0,2.0,0,1,0
1,Minimalist,NO,,42,1,0,0,0,0.0,1.25,0.0,0.0,1.0,0,1,0
1,Minimalist,NO,,43,1,1,0,1,0.0,1.25,1.8399999999999999,0.0,2.0,1,1,0
1,Minimalist,NO,,44,1,0,0,1,0.0,1.25,1.4799999999999998,0.0,2.0,0,1,1
1,Minimalist,NO,,45,1,1,1,0,1.0,1.25,0.72,0.0,1.0,1,0,1
1,Minimalist,NO,,46,1,0,0,0,2.0,1.25,0.0,0.0,1.0,1,1,1
1,Minimalist,NO,,47,0,0,1,0,0.0,1.25,1.25,0.0,0.0,0,0,0
1,Minimalist,NO,,48,1,0,1,1,0.0,1.25,1.8399999999999999,0.0,2.0,1,0,1
1,Minimalist,NO,,49,1,0,0,0,0.0,1.25,0.0,0.0,1.0,0,0,1
1,Minimalist,PO,,0,1,1,0,1,0.0,1.25,1.8399999999999999,0.0,2.0,0,1,1
1,Minimalist,PO,,1,1,1,0,1,-2.0,1.25,1.8399999999999999,0.0,2.0,0,0,0
1,Minimalist,PO,,2,0,0,1,0,0.0,1.25,1.25,0.0,0.0,0,0,0
1,Minimalist,PO,,3,1,1,1,1,-1.0,1.25,2.2,0.0,2.0,0,1,0
1,Minimalist,PO,,4,1,0,1,1,-1.0,1.25,1.8399999999999999,0.0,2.0,0,0,1
1,Minimalist,PO,,5,1,1,1,1,0.0,1.25,2.2,0.0,2.0,1,1,0
1,Minimalist,PO,,6,1,0,1,1,0.0,1.25,1.8399999999999999,0.0,2.0,1,1,0
1,Minimalist,PO,,7,1,0,1,1,-1.0,1.25,1.8399999999999999,0.0,2.0,1,0,0
1,Minimalist,PO,,8,1,1,0,1,1.0,1.25,1.8399999999999999,0.0,2.0,1,1,1
1,Minimalist,PO,,9,0,1,1,1,0.0,1.25,1.25,0.0,0.0,0,0,0
1,Minimalist,PO,,10,1,1,0,0,0.0,1.25,0.3599999999999999,0.0,1.0,0,1,0
1,Minimalist,PO,,11,0,1,1,1,0.0,1.25,1.25,0.0,0.0,0,0,0
1,Minimalist,PO,,12,1,1,1,1,-2.0,1.25,2.2,0.0,2.0,0,0,0
1,Minimalist,PO,,13,1,1,1,0,1.0,1.25,0.72,0.0,1.0,1,0,1
1,Minimalist,PO,,14,1,0,1,0,0.0,1.25,0.3599999999999999,0.0,1.0,1,0,0
1,Minimalist,PO,,15,0,1,0,0,0.0,1.25,1.25,0.0,0.0,0,0,0
1,Minimalist,PO,,16,1,1,0,0,0.0,1.25,0.3599999999999999,0.0,1.0,0,1,0
1,Minimalist,PO,,17,1,1,0,1,-2.0,1.25,1.8399999999999999,0.0,2.0,0,0,0
1,Minimalist,PO,,18,1,0,0,1,1.0,1.25,1.4799999999999998,0.0,2.0,1,1,1
1,Minimalist,PO,,19,0,1,0,1,0.0,1.25,1.25,0.0,0.0,0,0,0
1,Minimalist,PO,,20,1,1,1,0,-1.0,1.25,0.72,0.0,1.0,0,0,0
1,Minimalist,PO,,21,0,1,0,0,0.0,1.25,1.25,0.0,0.0,0,0,0
1,Minimalist,PO,,22,1,1,0,1,-1.0,1.25,1.8399999999999999,0.0,2.0,0,1,0
1,Minimalist,PO,,23,1,0,0,0,2.0,1.25,0.0,0.0,1.0,1,1,1
1,Minimalist,PO,,24,1,0,1,0,1.0,1.25,0.3599999999999999,0.0,1.0,1,0,1
1,Minimalist,PO,,25,1,0,1,1,-1.0,1.25,1.8399999999999999,0.0,2.0,1,0,0
1,Minimalist,PO,,26,1,1,1,1,-1.0,1.25,2.2,0.0,2.0,0,0,1
1,Minimalist,PO,,27,1,1,1,1,-1.0,1.25,2.2,0.0,2.0,0,0,1
1,Minimalist,PO,,28,1,0,1,0,0.0,1.25,0.3599999999999999,0.0,1.0,0,0,1
1,Minimalist,PO,,29,0,1,1,1,0.0,1.25,1.25,0.0,0.0,0,0,0
1,Minimalist,PO,,30,0,0,0,0,0.0,1.25,1.25,0.0,0.0,0,0,0
1,Minimalist,PO,,31,1,0,0,0,0.0,1.25,0.0,0.0,1.0,0,0,1
1,Minimalist,PO,,32,1,1,1,0,0.0,1.25,0.72,0.0,1.0,0,0,1
1,Minimalist,PO,,33,1,0,0,1,-1.0,1.25,1.4799999999999998,0.0,2.0,1,0,0
1,Minimalist,PO,,34,1,1,1,0,0.0,1.25,0.72,0.0,1.0,0,1,0
1,Minimalist,PO,,35,1,0,1,1,-1.0,1.25,1.8399999999999999,0.0,2.0,1,0,0
1,Minimalist,PO,,36,1,0,1,0,1.0,1.25,0.3599999999999999,0.0,1.0,1,0,1
1,Minimalist,PO,,37,1,0,1,1,0.0,1.25,1.8399999999999999,0.0,2.0,1,1,0
1,Minimalist,PO,,38,1,1,0,0,1.0,1.25,0.3599999999999999,0.0,1.0,0,1,1
1,Minimalist,PO,,39,1,1,1,1,-1.0,1.25,2.2,0.0,2.0,1,0,0
1,Minimalist,PO,,40,1,1,0,0,1.0,1.25,0.3599999999999999,0.0,1.0,0,1,1
1,Minimalist,PO,,41,1,0,1,0,1.0,1.25,0.3599999999999999,0.0,1.0,1,0,1
1,Minimalist,PO,,42,1,1,1,0,-1.0,1.25,0.72,0.0,1.0,0,0,0
1,Minimalist,PO,,43,0,1,1,1,0.0,1.25,1.25,0.0,0.0,0,0,0
1,Minimalist,PO,,44,1,1,0,1,-1.0,1.25,1.8399999999999999,0.0,2.0,0,1,0
1,Minimalist,PO,,45,0,1,0,0,0.0,1.25,1.25,0.0,0.0,0,0,0
1,Minimalist,PO,,46,0,1,0,1,0.0,1.25,1.25,0.0,0.0,0,0,0
1,Minimalist,PO,,47,1,0,1,1,-1.0,1.25,1.8399999999999999,0.0,2.0,1,0,0
1,Minimalist,PO,,48,1,0,1,1,-1.0,1.25,1.8399999999999999,0.0,2.0,1,0,0
1,Minimalist,PO,,49,1,0,0,1,1.0,1.25,1.4799999999999998,0.0,2.0,1,1,1
1,Minimalist,BA,0.0,0,1,0,0,0,2.0,1.25,0.0,0.0,1.0,1,1,1
1,Minimalist,BA,0.0,1,1,0,0,0,2.0,1.25,0.0,0.0,1.0,1,1,1
1,Minimalist,BA,0.0,2,1,0,0,0,1.0,1.25,0.0,0.0,1.0,1,0,1
1,Minimalist,BA,0.0,3,1,0,0,0,1.0,1.25,0.0,0.0,1.0,0,1,1
1,Minimalist,BA,0.0,4,1,0,0,0,2.0,1.25,0.0,0.0,1.0,1,1,1
1,Minimalist,BA,0.0,5,1,0,0,0,2.0,1.25,0.0,0.0,1.0,1,1,1
1,Minimalist,BA,0.0,6,1,0,0,0,2.0,1.25,0.0,0.0,1.0,1,1,1
1,Minimalist,BA,0.0,7,1,0,0,0,1.0,1.25,0.0,0.0,1.0,0,1,1
1,Minimalist,BA,0.0,8,1,0,0,0,2.0,1.25,0.0,0.0,1.0,1,1,1
1,Minimalist,BA,0.0,9,1,0,0,0,2.0,1.25,0.0,0.0,1.0,1,1,1
1,Minimalist,BA,0.0,10,1,0,0,0,1.0,1.25,0.0,0.0,1.0,1,0,1
1,Minimalist,BA,0.0,11,1,0,0,0,1.0,1.25,0.0,0.0,1.0,1,1,0
1,Minimalist,BA,0.0,12,1,0,0,0,-1.0,1.25,0.0,0.0,1.0,0,0,0
1,Minimalist,BA,0.0,13,1,0,0,0,2.0,1.25,0.0,0.0,1.0,1,1,1
1,Minimalist,BA,0.0,14,1,0,0,0,0.0,1.25,0.0,0.0,1.0,0,1,0
1,Minimalist,BA,0.0,15,1,0,0,0,0.0,1.25,0.0,0.0,1.0,0,1,0
1,Minimalist,BA,0.0,16,1,0,0,0,1.0,1.25,0.0,0.0,1.0,1,0,1
1,Minimalist,BA,0.0,17,1,0,0,0,0.0,1.25,0.0,0.0,1.0,1,0,0
1,Minimalist,BA,0.0,18,1,0,0,0,1.0,1.25,0.0,0.0,1.0,1,1,0
1,Minimalist,BA,0.0,19,1,0,0,0,2.0,1.25,0.0,0.0,1.0,1,1,1
1,Minimalist,BA,0.0,20,1,0,0,0,2.0,1.25,0.0,0.0,1.0,1,1,1
1,Minimalist,BA,0.0,21,1,0,0,0,2.0,1.25,0.0,0.0,1.0,1,1,1
1,Minimalist,BA,0.0,22,1,0,0,0,2.0,1.25,0.0,0.0,1.0,1,1,1
1,Minimalist,BA,0.0,23,1,0,0,0,1.0,1.25,0.0,0.0,1.0,1,1,0
1,Minimalist,BA,0.0,24,1,0,0,0,1.0,1.25,0.0,0.0,1.0,1,0,1
1,Minimalist,BA,0.0,25,1,0,0,0,0.0,1.25,0.0,0.0,1.0,0,0,1
1,Minimalist,BA,0.0,26,1,0,0,0,1.0,1.25,0.0,0.0,1.0,1,1,0
1,Minimalist,BA,0.0,27,1,0,0,0,1.0,1.25,0.0,0.0,1.0,0,1,1
1,Minimalist,BA,0.0,28,1,0,0,0,1.0,1.25,0.0,0.0,1.0,1,1,0
1,Minimalist,BA,0.0,29,1,0,0,0,2.0,1.25,0.0,0.0,1.0,1,1,1
1,Minimalist,BA,0.0,30,1,0,0,0,2.0,1.25,0.0,0.0,1.0,1,1,1
1,Minimalist,BA,0.0,31,1,0,0,0,2.0,1.25,0.0,0.0,1.0,1,1,1
1,Minimalist,BA,0.0,32,1,0,0,0,1.0,1.25,0.0,0.0,1.0,1,0,1
1,Minimalist,BA,0.0,33,1,0,0,0,1.0,1.25,0.0,0.0,1.0,0,1,1
1,Minimalist,BA,0.0,34,1,0,0,0,2.0,1.25,0.0,0.0,1.0,1,1,1
1,Minimalist,BA,0.0,35,1,0,0,0,1.0,1.25,0.0,0.0,1.0,1,0,1
1,Minimalist,BA,0.0,36,1,0,0,0,1.0,1.25,0.0,0.0,1.0,1,0,1
1,Minimalist,BA,0.0,37,1,0,0,0,2.0,1.25,0.0,0.0,1.0,1,1,1
1,Minimalist,BA,0.0,38,1,0,0,0,2.0,1.25,0.0,0.0,1.0,1,1,1
1,Minimalist,BA,0.0,39,1,0,0,0,1.0,1.25,0.0,0.0,1.0,0,1,1
1,Minimalist,BA,0.0,40,1,0,0,0,2.0,1.25,0.0,0.0,1.0,1,1,1
1,Minimalist,BA,0.0,41,1,0,0,0,2.0,1.25,0.0,0.0,1.0,1,1,1
1,Minimalist,BA,0.0,42,1,0,0,0,1.0,1.25,0.0,0.0,1.0,0,1,1
1,Minimalist,BA,0.0,43,1,0,0,0,1.0,1.25,0.0,0.0,1.0,1,0,1
1,Minimalist,BA,0.0,44,1,0,0,0,1.0,1.25,0.0,0.0,1.0,1,0,1
1,Minimalist,BA,0.0,45,1,0,0,0,2.0,1.25,0.0,0.0,1.0,1,1,1
1,Minimalist,BA,0.0,46,1,0,0,0,1.0,1.25,0.0,0.0,1.0,0,1,1
1,Minimalist,BA,0.0,47,1,0,0,0,2.0,1.25,0.0,0.0,1.0,1,1,1
1,Minimalist,BA,0.0,48,1,0,0,0,2.0,1.25,0.0,0.0,1.0,1,1,1
1,Minimalist,BA,0.0,49,1,0,0,0,0.0,1.25,0.0,0.0,1.0,1,0,0
1,Minimalist,BA,0.25,0,1,0,1,0,0.0,1.25,0.3599999999999999,0.0,1.0,1,0,0
1,Minimalist,BA,0.25,1,1,0,0,0,0.0,1.25,0.0,0.0,1.0,0,1,0
1,Minimalist,BA,0.25,2,1,1,0,0,1.0,1.25,0.3599999999999999,0.0,1.0,0,1,1
1,Minimalist,BA,0.25,3,1,0,0,0,2.0,1.25,0.0,0.0,1.0,1,1,1
1,Minimalist,BA,0.25,4,1,0,0,0,0.0,1.25,0.0,0.0,1.0,0,0,1
1,Minimalist,BA,0.25,5,1,0,0,0,1.0,1.25,0.0,0.0,1.0,1,0,1
1,Minimalist,BA,0.25,6,1,0,0,0,2.0,1.25,0.0,0.0,1.0,1,1,1
1,Minimalist,BA,0.25,7,1,0,0,0,2.0,1.25,0.0,0.0,1.0,1,1,1
1,Minimalist,BA,0.25,8,1,0,0,0,2.0,1.25,0.0,0.0,1.0,1,1,1
1,Minimalist,BA,0.25,9,1,0,0,0,2.0,1.25,0.0,0.0,1.0,1,1,1
1,Minimalist,BA,0.25,10,1,0,0,0,2.0,1.25,0.0,0.0,1.0,1,1,1
1,Minimalist,BA,0.25,11,1,0,0,0,1.0,1.25,0.0,0.0,1.0,1,0,1
1,Minimalist,BA,0.25,12,1,0,0,0,1.0,1.25,0.0,0.0,1.0,1,0,1
1,Minimalist,BA,0.25,13,1,0,0,0,1.0,1.25,0.0,0.0,1.0,0,1,1
1,Minimalist,BA,0.25,14,1,0,0,0,1.0,1.25,0.0,0.0,1.0,1,0,1
1,Minimalist,BA,0.25,15,1,0,0,0,2.0,1.25,0.0,0.0,1.0,1,1,1
1,Minimalist,BA,0.25,16,1,0,0,0,1.0,1.25,0.0,0.0,1.0,1,0,1
1,Minimalist,BA,0.25,17,1,0,0,0,1.0,1.25,0.0,0.0,1.0,1,0,1
1,Minimalist,BA,0.25,18,1,0,0,0,1.0,1.25,0.0,0.0,1.0,0,1,1
1,Minimalist,BA,0.25,19,1,0,0,0,1.0,1.25,0.0,0.0,1.0,1,1,0
1,Minimalist,BA,0.25,20,1,0,0,0,2.0,1.25,0.0,0.0,1.0,1,1,1
1,Minimalist,BA,0.25,21,1,0,0,0,2.0,1.25,0.0,0.0,1.0,1,1,1
1,Minimalist,BA,0.25,22,1,0,0,0,2.0,1.25,0.0,0.0,1.0,1,1,1
1,Minimalist,BA,0.25,23,1,0,0,0,2.0,1.25,0.0,0.0,1.0,1,1,1
1,Minimalist,BA,0.25,24,1,0,0,0,1.0,1.25,0.0,0.0,1.0,0,1,1
1,Minimalist,BA,0.25,25,1,0,0,0,1.0,1.25,0.0,0.0,1.0,0,1,1
1,Minimalist,BA,0.25,26,1,0,0,0,1.0,1.25,0.0,0.0,1.0,1,1,0
1,Minimalist,BA,0.25,27,1,0,0,0,2.0,1.25,0.0,0.0,1.0,1,1,1
1,Minimalist,BA,0.25,28,1,0,0,0,0.0,1.25,0.0,0.0,1.0,0,0,1
1,Minimalist,BA,0.25,29,1,0,0,0,2.0,1.25,0.0,0.0,1.0,1,1,1
1,Minimalist,BA,0.25,30,1,0,0,0,1.0,1.25,0.0,0.0,1.0,0,1,1
1,Minimalist,BA,0.25,31,1,0,0,0,2.0,1.25,0.0,0.0,1.0,1,1,1
1,Minimalist,BA,0.25,32,1,0,0,0,1.0,1.25,0.0,0.0,1.0,1,1,0
1,Minimalist,BA,0.25,33,1,0,0,0,1.0,1.25,0.0,0.0,1.0,1,0,1
1,Minimalist,BA,0.25,34,1,0,0,0,1.0,1.25,0.0,0.0,1.0,0,1,1
1,Minimalist,BA,0.25,35,1,0,0,0,1.0,1.25,0.0,0.0,1.0,1,1,0
1,Minimalist,BA,0.25,36,1,0,0,0,1.0,1.25,0.0,0.0,1.0,1,0,1
1,Minimalist,BA,0.25,37,1,0,0,0,1.0,1.25,0.0,0.0,1.0,1,1,0
1,Minimalist,BA,0.25,38,1,0,0,0,0.0,1.25,0.0,0.0,1.0,0,0,1
1,Minimalist,BA,0.25,39,1,0,0,0,2.0,1.25,0.0,0.0,1.0,1,1,1
1,Minimalist,BA,0.25,40,1,0,0,0,1.0,1.25,0.0,0.0,1.0,1,1,0
1,Minimalist,BA,0.25,41,1,0,0,0,2.0,1.25,0.0,0.0,1.0,1,1,1
1,Minimalist,BA,0.25,42,1,0,0,0,1.0,1.25,0.0,0.0,1.0,1,0,1
1,Minimalist,BA,0.25,43,1,0,0,0,1.0,1.25,0.0,0.0,1.0,1,1,0
1,Minimalist,BA,0.25,44,1,0,0,0,1.0,1.25,0.0,0.0,1.0,1,1,0
1,Minimalist,BA,0.25,45,1,0,0,0,1.0,1.25,0.0,0.0,1.0,0,1,1
1,Minimalist,BA,0.25,46,1,0,0,0,2.0,1.25,0.0,0.0,1.0,1,1,1
1,Minimalist,BA,0.25,47,1,0,0,0,2.0,1.25,0.0,0.0,1.0,1,1,1
1,Minimalist,BA,0.25,48,1,0,0,0,2.0,1.25,0.0,0.0,1.0,1,1,1
1,Minimalist,BA,0.25,49,1,0,0,0,0.0,1.25,0.0,0.0,1.0,0,1,0
1,Minimalist,BA,0.5,0,1,1,1,0,1.0,1.25,0.72,0.0,1.0,0,1,1
1,Minimalist,BA,0.5,1,1,0,1,0,1.0,1.25,0.3599999999999999,0.0,1.0,1,0,1
1,Minimalist,BA,0.5,2,1,0,1,0,1.0,1.25,0.3599999999999999,0.0,1.0,1,0,1
1,Minimalist,BA,0.5,3,1,0,1,0,1.0,1.25,0.3599999999999999,0.0,1.0,1,0,1
1,Minimalist,BA,0.5,4,1,0,1,0,-1.0,1.25,0.3599999999999999,0.0,1.0,0,0,0
1,Minimalist,BA,0.5,5,1,0,0,0,1.0,1.25,0.0,0.0,1.0,0,1,1
1,Minimalist,BA,0.5,6,1,0,0,0,1.0,1.25,0.0,0.0,1.0,1,0,1
1,Minimalist,BA,0.5,7,1,1,1,0,1.0,1.25,0.72,0.0,1.0,0,1,1
1,Minimalist,BA,0.5,8,1,0,1,0,0.0,1.25,0.3599999999999999,0.0,1.0,0,0,1
1,Minimalist,BA,0.5,9,1,0,0,0,-1.0,1.25,0.0,0.0,1.0,0,0,0
1,Minimalist,BA,0.5,10,1,0,0,0,0.0,1.25,0.0,0.0,1.0,0,0,1
1,Minimalist,BA,0.5,11,1,1,1,0,0.0,1.25,0.72,0.0,1.0,0,0,1
1,Minimalist,BA,0.5,12,1,0,0,0,0.0,1.25,0.0,0.0,1.0,0,0,1
1,Minimalist,BA,0.5,13,1,0,0,0,2.0,1.25,0.0,0.0,1.0,1,1,1
1,Minimalist,BA,0.5,14,1,1,1,0,0.0,1.25,0.72,0.0,1.0,0,0,1
1,Minimalist,BA,0.5,15,1,0,1,0,1.0,1.25,0.3599999999999999,0.0,1.0,1,0,1
1,Minimalist,BA,0.5,16,1,0,0,0,2.0,1.25,0.0,0.0,1.0,1,1,1
1,Minimalist,BA,0.5,17,1,0,0,0,0.0,1.25,0.0,0.0,1.0,1,0,0
1,Minimalist,BA,0.5,18,1,0,0,0,1.0,1.25,0.0,0.0,1.0,1,0,1
1,Minimalist,BA,0.5,19,1,1,1,0,1.0,1.25,0.72,0.0,1.0,1,0,1
1,Minimalist,BA,0.5,20,1,0,1,0,1.0,1.25,0.3599999999999999,0.0,1.0,1,0,1
1,Minimalist,BA,0.5,21,1,1,1,0,1.0,1.25,0.72,0.0,1.0,0,1,1
1,Minimalist,BA,0.5,22,1,0,0,0,2.0,1.25,0.0,0.0,1.0,1,1,1
1,Minimalist,BA,0.5,23,1,0,0,0,2.0,1.25,0.0,0.0,1.0,1,1,1
1,Minimalist,BA,0.5,24,1,0,0,0,1.0,1.25,0.0,0.0,1.0,1,1,0
1,Minimalist,BA,0.5,25,1,0,1,0,1.0,1.25,0.3599999999999999,0.0,1.0,1,1,0
1,Minimalist,BA,0.5,26,1,0,1,0,0.0,1.25,0.3599999999999999,0.0,1.0,1,0,0
1,Minimalist,BA,0.5,27,1,0,0,0,1.0,1.25,0.0,0.0,1.0,0,1,1
1,Minimalist,BA,0.5,28,1,0,0,0,2.0,1.25,0.0,0.0,1.0,1,1,1
1,Minimalist,BA,0.5,29,1,0,1,0,1.0,1.25,0.3599999999999999,0.0,1.0,0,1,1
1,Minimalist,BA,0.5,30,1,1,1,0,0.0,1.25,0.72,0.0,1.0,0,0,1
1,Minimalist,BA,0.5,31,1,0,0,0,1.0,1.25,0.0,0.0,1.0,1,1,0
1,Minimalist,BA,0.5,32,1,0,1,0,0.0,1.25,0.3599999999999999,0.0,1.0,0,0,1
1,Minimalist,BA,0.5,33,1,0,0,0,2.0,1.25,0.0,0.0,1.0,1,1,1
1,Minimalist,BA,0.5,34,1,0,0,0,1.0,1.25,0.0,0.0,1.0,0,1,1
1,Minimalist,BA,0.5,35,1,1,1,0,0.0,1.25,0.72,0.0,1.0,0,0,1
1,Minimalist,BA,0.5,36,1,0,0,0,1.0,1.25,0.0,0.0,1.0,1,0,1
1,Minimalist,BA,0.5,37,1,1,1,0,0.0,1.25,0.72,0.0,1.0,0,0,1
1,Minimalist,BA,0.5,38,1,0,0,0,1.0,1.25,0.0,0.0,1.0,1,0,1
1,Minimalist,BA,0.5,39,1,0,0,0,1.0,1.25,0.0,0.0,1.0,0,1,1
1,Minimalist,BA,0.5,40,1,0,0,0,-1.0,1.25,0.0,0.0,1.0,0,0,0
1,Minimalist,BA,0.5,41,1,0,0,0,1.0,1.25,0.0,0.0,1.0,1,0,1
1,Minimalist,BA,0.5,42,1,0,0,0,2.0,1.25,0.0,0.0,1.0,1,1,1
1,Minimalist,BA,0.5,43,1,1,1,0,1.0,1.25,0.72,0.0,1.0,0,1,1
1,Minimalist,BA,0.5,44,1,1,1,0,1.0,1.25,0.72,0.0,1.0,0,1,1
1,Minimalist,BA,0.5,45,1,0,0,0,0.0,1.25,0.0,0.0,1.0,1,0,0
1,Minimalist,BA,0.5,46,1,0,0,0,1.0,1.25,0.0,0.0,1.0,1,0,1
1,Minimalist,BA,0.5,47,1,0,1,0,1.0,1.25,0.3599999999999999,0.0,1.0,1,1,0
1,Minimalist,BA,0.5,48,1,0,1,0,1.0,1.25,0.3599999999999999,0.0,1.0,1,0,1
1,Minimalist,BA,0.5,49,1,0,1,0,1.0,1.25,0.3599999999999999,0.0,1.0,1,0,1
1,Minimalist,BA,0.75,0,1,0,1,0,2.0,1.25,0.3599999999999999,0.0,1.0,1,1,1
1,Minimalist,BA,0.75,1,1,1,1,0,0.0,1.25,0.72,0.0,1.0,0,0,1
1,Minimalist,BA,0.75,2,1,0,0,0,2.0,1.25,0.0,0.0,1.0,1,1,1
1,Minimalist,BA,0.75,3,1,0,1,0,1.0,1.25,0.3599999999999999,0.0,1.0,1,0,1
1,Minimalist,BA,0.75,4,1,1,1,0,1.0,1.25,0.72,0.0,1.0,1,0,1
1,Minimalist,BA,0.75,5,1,0,0,0,1.0,1.25,0.0,0.0,1.0,1,1,0
1,Minimalist,BA,0.75,6,1,0,0,0,2.0,1.25,0.0,0.0,1.0,1,1,1
1,Minimalist,BA,0.75,7,1,0,1,0,1.0,1.25,0.3599999999999999,0.0,1.0,1,0,1
1,Minimalist,BA,0.75,8,1,0,0,0,1.0,1.25,0.0,0.0,1.0,1,0,1
1,Minimalist,BA,0.75,9,1,0,1,0,0.0,1.25,0.3599999999999999,0.0,1.0,0,1,0
1,Minimalist,BA,0.75,10,1,0,0,0,2.0,1.25,0.0,0.0,1.0,1,1,1
1,Minimalist,BA,0.75,11,1,0,0,0,1.0,1.25,0.0,0.0,1.0,0,1,1
1,Minimalist,BA,0.75,12,1,1,1,0,0.0,1.25,0.72,0.0,1.0,0,0,1
1,Minimalist,BA,0.75,13,1,0,1,0,1.0,1.25,0.3599999999999999,0.0,1.0,0,1,1
1,Minimalist,BA,0.75,14,1,0,1,0,1.0,1.25,0.3599999999999999,0.0,1.0,1,0,1
1,Minimalist,BA,0.75,15,1,0,1,0,2.0,1.25,0.3599999999999999,0.0,1.0,1,1,1
1,Minimalist,BA,0.75,16,1,0,1,0,2.0,1.25,0.3599999999999999,0.0,1.0,1,1,1
1,Minimalist,BA,0.75,17,1,1,1,0,0.0,1.25,0.72,0.0,1.0,0,0,1
1,Minimalist,BA,0.75,18,1,0,1,0,1.0,1.25,0.3599999999999999,0.0,1.0,1,0,1
1,Minimalist,BA,0.75,19,1,0,0,0,1.0,1.25,0.0,0.0,1.0,1,1,0
1,Minimalist,BA,0.75,20,1,0,0,0,2.0,1.25,0.0,0.0,1.0,1,1,1
1,Minimalist,BA,0.75,21,1,1,1,0,-1.0,1.25,0.72,0.0,1.0,0,0,0
1,Minimalist,BA,0.75,22,1,0,0,0,2.0,1.25,0.0,0.0,1.0,1,1,1
1,Minimalist,BA,0.75,23,1,0,0,0,1.0,1.25,0.0,0.0,1.0,1,1,0
1,Minimalist,BA,0.75,24,1,0,1,0,1.0,1.25,0.3599999999999999,0.0,1.0,0,1,1
1,Minimalist,BA,0.75,25,1,1,1,0,0.0,1.25,0.72,0.0,1.0,0,0,1
1,Minimalist,BA,0.75,26,1,0,1,0,2.0,1.25,0.3599999999999999,0.0,1.0,1,1,1
1,Minimalist,BA,0.75,27,1,1,1,0,0.0,1.25,0.72,0.0,1.0,0,0,1
1,Minimalist,BA,0.75,28,1,1,1,0,0.0,1.25,0.72,0.0,1.0,0,0,1
1,Minimalist,BA,0.75,29,1,0,1,0,1.0,1.25,0.3599999999999999,0.0,1.0,1,0,1
1,Minimalist,BA,0.75,30,1,1,1,0,-1.0,1.25,0.72,0.0,1.0,0,0,0
1,Minimalist,BA,0.75,31,1,1,1,0,2.0,1.25,0.72,0.0,1.0,1,1,1
1,Minimalist,BA,0.75,32,1,0,1,0,1.0,1.25,0.3599999999999999,0.0,1.0,0,1,1
1,Minimalist,BA,0.75,33,1,0,0,0,1.0,1.25,0.0,0.0,1.0,1,1,0
1,Minimalist,BA,0.75,34,1,1,1,0,0.0,1.25,0.72,0.0,1.0,0,1,0
1,Minimalist,BA,0.75,35,1,0,0,0,2.0,1.25,0.0,0.0,1.0,1,1,1
1,Minimalist,BA,0.75,36,1,0,1,0,1.0,1.25,0.3599999999999999,0.0,1.0,1,1,0
1,Minimalist,BA,0.75,37,1,1,1,0,1.0,1.25,0.72,0.0,1.0,1,0,1
1,Minimalist,BA,0.75,38,1,0,0,0,0.0,1.25,0.0,0.0,1.0,1,0,0
1,Minimalist,BA,0.75,39,1,0,0,0,0.0,1.25,0.0,0.0,1.0,1,0,0
1,Minimalist,BA,0.75,40,1,0,1,0,1.0,1.25,0.3599999999999999,0.0,1.0,1,0,1
1,Minimalist,BA,0.75,41,1,0,1,0,2.0,1.25,0.3599999999999999,0.0,1.0,1,1,1
1,Minimalist,BA,0.75,42,1,0,1,0,1.0,1.25,0.3599999999999999,0.0,1.0,1,0,1
1,Minimalist,BA,0.75,43,1,0,0,0,2.0,1.25,0.0,0.0,1.0,1,1,1
1,Minimalist,BA,0.75,44,1,0,1,0,1.0,1.25,0.3599999999999999,0.0,1.0,1,0,1
1,Minimalist,BA,0.75,45,1,1,1,0,2.0,1.25,0.72,0.0,1.0,1,1,1
1,Minimalist,BA,0.75,46,1,0,0,0,1.0,1.25,0.0,0.0,1.0,1,0,1
1,Minimalist,BA,0.75,47,1,0,1,0,1.0,1.25,0.3599999999999999,0.0,1.0,1,0,1
1,Minimalist,BA,0.75,48,1,0,1,0,2.0,1.25,0.3599999999999999,0.0,1.0,1,1,1
1,Minimalist,BA,0.75,49,1,0,0,0,2.0,1.25,0.0,0.0,1.0,1,1,1
1,Minimalist,BA,1.0,0,1,0,0,0,2.0,1.25,0.0,0.0,1.0,1,1,1
1,Minimalist,BA,1.0,1,1,0,0,0,1.0,1.25,0.0,0.0,1.0,0,1,1
1,Minimalist,BA,1.0,2,1,1,1,0,0.0,1.25,0.72,0.0,1.0,0,0,1
1,Minimalist,BA,1.0,3,1,0,1,0,1.0,1.25,0.3599999999999999,0.0,1.0,1,0,1
1,Minimalist,BA,1.0,4,1,0,1,0,2.0,1.25,0.3599999999999999,0.0,1.0,1,1,1
1,Minimalist,BA,1.0,5,1,1,1,0,0.0,1.25,0.72,0.0,1.0,0,0,1
1,Minimalist,BA,1.0,6,1,0,1,0,2.0,1.25,0.3599999999999999,0.0,1.0,1,1,1
1,Minimalist,BA,1.0,7,1,1,1,0,2.0,1.25,0.72,0.0,1.0,1,1,1
1,Minimalist,BA,1.0,8,1,0,1,0,1.0,1.25,0.3599999999999999,0.0,1.0,0,1,1
1,Minimalist,BA,1.0,9,1,0,1,0,1.0,1.25,0.3599999999999999,0.0,1.0,1,0,1
1,Minimalist,BA,1.0,10,1,1,1,0,2.0,1.25,0.72,0.0,1.0,1,1,1
1,Minimalist,BA,1.0,11,1,0,1,0,1.0,1.25,0.3599999999999999,0.0,1.0,1,0,1
1,Minimalist,BA,1.0,12,1,0,1,0,0.0,1.25,0.3599999999999999,0.0,1.0,0,0,1
1,Minimalist,BA,1.0,13,1,0,0,0,1.0,1.25,0.0,0.0,1.0,1,1,0
1,Minimalist,BA,1.0,14,1,1,1,0,1.0,1.25,0.72,0.0,1.0,1,0,1
1,Minimalist,BA,1.0,15,1,1,1,0,0.0,1.25,0.72,0.0,1.0,0,0,1
1,Minimalist,BA,1.0,16,1,0,0,0,2.0,1.25,0.0,0.0,1.0,1,1,1
1,Minimalist,BA,1.0,17,1,0,0,0,2.0,1.25,0.0,0.0,1.0,1,1,1
1,Minimalist,BA,1.0,18,1,1,1,0,0.0,1.25,0.72,0.0,1.0,1,0,0
1,Minimalist,BA,1.0,19,1,1,1,0,1.0,1.25,0.72,0.0,1.0,0,1,1
1,Minimalist,BA,1.0,20,1,0,1,0,0.0,1.25,0.3599999999999999,0.0,1.0,0,0,1
1,Minimalist,BA,1.0,21,1,0,1,0,1.0,1.25,0.3599999999999999,0.0,1.0,1,0,1
1,Minimalist,BA,1.0,22,1,1,1,0,-1.0,1.25,0.72,0.0,1.0,0,0,0
1,Minimalist,BA,1.0,23,1,1,1,0,2.0,1.25,0.72,0.0,1.0,1,1,1
1,Minimalist,BA,1.0,24,1,0,1,0,2.0,1.25,0.3599999999999999,0.0,1.0,1,1,1
1,Minimalist,BA,1.0,25,1,1,1,0,0.0,1.25,0.72,0.0,1.0,0,0,1
1,Minimalist,BA,1.0,26,1,0,0,0,1.0,1.25,0.0,0.0,1.0,1,1,0
1,Minimalist,BA,1.0,27,1,0,0,0,1.0,1.25,0.0,0.0,1.0,1,0,1
1,Minimalist,BA,1.0,28,1,0,0,0,2.0,1.25,0.0,0.0,1.0,1,1,1
1,Minimalist,BA,1.0,29,1,1,1,0,-1.0,1.25,0.72,0.0,1.0,0,0,0
1,Minimalist,BA,1.0,30,1,0,1,0,1.0,1.25,0.3599999999999999,0.0,1.0,0,1,1
1,Minimalist,BA,1.0,31,1,1,1,0,1.0,1.25,0.72,0.0,1.0,0,1,1
1,Minimalist,BA,1.0,32,1,1,1,0,1.0,1.25,0.72,0.0,1.0,0,1,1
1,Minimalist,BA,1.0,33,1,0,0,0,2.0,1.25,0.0,0.0,1.0,1,1,1
1,Minimalist,BA,1.0,34,1,0,0,0,2.0,1.25,0.0,0.0,1.0,1,1,1
1,Minimalist,BA,1.0,35,1,1,1,0,1.0,1.25,0.72,0.0,1.0,0,1,1
1,Minimalist,BA,1.0,36,1,0,0,0,0.0,1.25,0.0,0.0,1.0,1,0,0
1,Minimalist,BA,1.0,37,1,0,1,0,0.0,1.25,0.3599999999999999,0.0,1.0,1,0,0
1,Minimalist,BA,1.0,38,1,1,1,0,0.0,1.25,0.72,0.0,1.0,0,0,1
1,Minimalist,BA,1.0,39,1,0,1,0,1.0,1.25,0.3599999999999999,0.0,1.0,1,0,1
1,Minimalist,BA,1.0,40,1,0,0,0,0.0,1.25,0.0,0.0,1.0,0,0,1
1,Minimalist,BA,1.0,41,1,0,1,0,1.0,1.25,0.3599999999999999,0.0,1.0,1,0,1
1,Minimalist,BA,1.0,42,1,0,0,0,2.0,1.25,0.0,0.0,1.0,1,1,1
1,Minimalist,BA,1.0,43,1,1,1,0,1.0,1.25,0.72,0.0,1.0,1,0,1
1,Minimalist,BA,1.0,44,1,0,1,0,1.0,1.25,0.3599999999999999,0.0,1.0,1,0,1
1,Minimalist,BA,1.0,45,1,1,1,0,2.0,1.25,0.72,0.0,1.0,1,1,1
1,Minimalist,BA,1.0,46,1,0,1,0,1.0,1.25,0.3599999999999999,0.0,1.0,1,0,1
1,Minimalist,BA,1.0,47,1,0,1,0,1.0,1.25,0.3599999999999999,0.0,1.0,1,0,1
1,Minimalist,BA,1.0,48,1,1,1,0,0.0,1.25,0.72,0.0,1.0,0,0,1
1,Minimalist,BA,1.0,49,1,1,1,0,-1.0,1.25,0.72,0.0,1.0,0,0,0
